{
    "paths": {
        "input": {
            "profiles": "../example_2011_data/output/profiles/cropped"
        },
        "output": {
            "results": ["../example_2011_data/output/results/shaper_method_2.csv", "../example_2011_data/output/web/results/shaper_method_2.csv"]
        }
    },
    "csv": {
        "profiles": {
            "sep": ","
        },
        "output": {
            "sep": ","
        }
    },
    "smoothness": {
        "use": false,
        "window": 9,
        "degree": 3
    },
    "debug": {
        "use": false,
        "path": "../example_2011_data/output/debug"
    },
    "selected_profiles": [],
    "min_profile_points": 10,
    "elevation_threshold": 3,
    "method": 2,
    "max_error": 3
}