{
    "paths": {
        "input": {
            "profiles": "../example_2017_data/output/profiles/cropped",
            "points": "../example_2017_data/output/web/results"
        },
        "output": {
            "finall": "../example_2017_data/output/finall"
        }
    },
    "csv": {
        "profiles": {
            "sep": ","
        },
        "points": {
            "first": "shaper_method_1.csv",
            "colnames": ["profile_id", "method", "smooth", "bottom", "top", "id", "email"],
            "sep": ","            
        },
        "output": {
            "first": "measurement_method_1.csv",
            "sep": ","
        }
    },
    "shape": {
        "crs": "epsg:2180"
    },
    "selected_profiles": [],
    "methods_order": [0, 1, 2],
    "max_error": 3
}